,Rank,Country,"Meal, Inexpensive Restaurant","Meal for 2 People, Mid-range Restaurant, Three-course",McMeal at McDonalds (or Equivalent Combo Meal),Domestic Beer (0.5 liter draught),Imported Beer (0.33 liter bottle),Coke/Pepsi (0.33 liter bottle),Water (0.33 liter bottle) ,"Milk (regular), (1 liter)",Loaf of Fresh White Bread (500g),Eggs (regular) (12),Local Cheese (1kg),Water (1.5 liter bottle),Bottle of Wine (Mid-Range),Domestic Beer (0.5 liter bottle),Cigarettes 20 Pack (Marlboro),One-way Ticket (Local Transport),"Chicken Breasts (Boneless, Skinless), (1kg)",Monthly Pass (Regular Price),Gasoline (1 liter),Volkswagen Golf 1.4 90 KW Trendline (Or Equivalent New Car),Apartment (1 bedroom) in City Centre,Apartment (1 bedroom) Outside of Centre,Apartment (3 bedrooms) in City Centre,Apartment (3 bedrooms) Outside of Centre,"Basic (Electricity, Heating, Cooling, Water, Garbage) for 85m2 Apartment",1 min. of Prepaid Mobile Tariff Local (No Discounts or Plans),"Internet (60 Mbps or More, Unlimited Data, Cable/ADSL)","Fitness Club, Monthly Fee for 1 Adult",Tennis Court Rent (1 Hour on Weekend),"Cinema, International Release, 1 Seat",1 Pair of Jeans (Levis 501 Or Similar),"1 Summer Dress in a Chain Store (Zara, H&M, ...)",1 Pair of Nike Running Shoes (Mid-Range),1 Pair of Men Leather Business Shoes,Price per Square Meter to Buy Apartment in City Centre,Price per Square Meter to Buy Apartment Outside of Centre,Average Monthly Net Salary (After Tax),"Mortgage Interest Rate in Percentages (%), Yearly, for 20 Years Fixed-Rate",Taxi Start (Normal Tariff),Taxi 1km (Normal Tariff),Taxi 1hour Waiting (Normal Tariff),Apples (1kg),Oranges (1kg),Potato (1kg),Lettuce (1 head),Cappuccino (regular),"Rice (white), (1kg)",Tomato (1kg),Banana (1kg),Onion (1kg),Beef Round (1kg) (or Equivalent Back Leg Red Meat),Toyota Corolla 1.6l 97kW Comfort (Or Equivalent New Car),"Preschool (or Kindergarten), Full Day, Private, Monthly for 1 Child","International Primary School, Yearly for 1 Child"
0,,Kazakhstan,4.75,23.75,4.28,1.19,1.16,0.45,0.31,0.7,0.24,0.83,5.41,0.44,4.75,0.6,0.95,0.21,3.07,16.63,0.39,15439.64,266.08,171.28,538.43,331.95,49.38,0.03,10.4,37.8,9.61,3.56,47.56,33.38,72.12,80.11,959.03,655.17,376.99,15.51,1.19,0.24,2.85,1.12,1.39,0.38,0.89,1.66,0.76,1.16,1.21,0.31,5.04,17986.69,142.99,6676.44
1,,Paraguay,3.45,20.72,3.52,0.83,1.1,0.72,0.42,0.7,0.52,1.47,4.48,0.55,5.53,0.73,1.38,0.48,2.43,21.02,0.83,11050.72,220.26,153.67,508.64,394.55,44.63,0.09,25.79,22.27,9.9,4.83,38.79,37.3,66.84,49.84,1134.65,526.24,316.2,13.94,0.69,1.66,6.91,1.55,0.82,0.85,0.35,1.44,0.62,1.34,0.62,0.88,4.89,19304.23,122.99,3072.71
2,,Portugal,7.5,30.0,6.0,1.8,1.86,1.26,0.92,0.63,1.09,1.69,6.82,0.55,4.0,0.94,5.0,1.52,5.13,35.0,1.54,25000.0,619.65,457.21,1112.4,768.25,96.61,0.17,31.86,32.75,11.04,7.0,80.06,29.17,70.9,79.53,2638.49,1565.04,830.15,2.26,3.45,0.47,14.8,1.53,1.15,0.87,0.89,1.32,0.88,1.39,1.1,0.95,9.39,24609.58,347.42,6959.47
3,,Syria,3.61,14.0,3.61,1.35,1.42,0.49,0.26,0.56,0.27,1.13,3.07,0.38,2.94,0.98,2.34,0.09,3.19,9.68,0.49,18027.28,176.54,82.25,350.18,196.74,17.15,0.02,30.94,13.07,4.73,4.38,14.08,22.22,65.82,36.54,1394.12,655.91,83.89,8.99,0.45,0.53,1.8,0.52,0.34,0.32,0.24,0.93,0.84,0.39,1.26,0.3,8.39,22578.32,52.33,843.8
4,,Greece,10.0,31.0,6.0,4.0,1.79,1.62,0.5,1.18,0.88,2.91,7.8,0.74,6.25,1.28,4.5,1.4,6.53,30.0,1.6,18000.0,323.04,270.85,544.25,465.08,145.67,0.37,30.81,32.34,15.32,8.0,70.93,29.51,73.05,88.41,1602.57,1410.51,708.74,4.66,3.5,0.8,11.81,1.39,1.02,0.83,0.71,3.01,1.55,1.32,1.49,0.82,8.86,18613.72,321.7,6615.96
5,,Latvia,6.95,35.0,5.0,2.5,1.24,0.95,0.7,0.89,0.87,1.63,6.55,0.59,6.0,1.02,3.8,1.15,4.91,50.0,1.28,18000.0,350.5,253.33,629.68,447.58,169.5,0.09,15.68,33.71,19.46,7.95,56.74,33.05,66.96,82.54,1704.18,1052.44,766.19,2.57,2.0,0.64,8.0,1.03,1.41,0.45,1.01,2.21,1.26,1.63,1.28,0.5,7.35,17350.37,329.07,11860.0
6,,Iran,4.28,16.88,4.28,0.64,0.94,0.46,0.25,0.79,0.37,1.44,3.39,0.37,0.96,0.52,2.7,0.18,3.25,9.01,0.21,43995.13,390.57,242.17,817.33,495.37,26.17,0.01,16.42,22.11,15.59,3.21,39.64,34.68,151.69,65.5,1973.39,1041.08,286.45,20.11,0.32,0.22,2.7,1.2,1.04,0.67,0.63,1.59,2.6,0.82,1.82,0.64,14.97,62877.13,103.2,1355.79
7,,Morocco,2.82,15.01,5.17,2.82,1.96,0.5,0.31,0.65,0.54,1.14,7.21,0.55,7.28,1.73,3.19,0.42,4.48,14.09,0.98,19725.04,278.53,152.17,510.38,270.91,34.26,0.12,28.38,19.64,15.3,4.88,28.63,33.32,65.34,60.63,1359.54,707.75,366.9,5.16,0.66,0.56,3.76,1.15,0.48,0.42,0.29,1.4,1.11,0.45,1.08,0.41,7.54,18969.96,91.97,2760.36
8,,Panama,8.11,31.55,6.31,1.8,2.15,1.18,0.91,1.36,1.77,1.83,10.27,1.4,9.01,0.78,4.51,0.23,6.38,20.28,0.73,16156.95,699.24,465.45,1279.44,857.58,80.42,0.11,39.24,39.8,22.53,5.41,40.43,32.11,58.59,75.89,1905.27,1318.33,647.33,5.28,1.8,1.8,9.01,2.95,2.37,1.66,1.77,2.55,1.47,2.36,1.27,1.77,8.46,17180.34,220.91,5690.08
9,,Guatemala,4.7,23.52,5.23,1.76,1.65,0.95,0.71,1.43,1.43,1.57,3.9,0.84,5.88,1.33,2.94,0.24,5.86,9.53,0.82,14700.86,445.81,292.75,856.42,479.97,47.63,0.13,67.9,47.63,20.63,5.29,47.81,39.05,75.59,80.94,1475.51,841.11,526.52,7.55,2.94,0.46,7.06,2.01,1.22,1.2,0.72,1.93,1.35,1.09,0.68,1.12,8.32,16451.61,189.19,3505.99
10,,Iraq,5.27,22.53,6.31,1.8,1.46,0.4,0.2,1.0,0.77,1.47,3.92,0.53,14.33,1.6,1.8,0.38,3.44,22.72,0.5,13520.46,334.73,218.38,597.59,382.18,97.87,0.08,36.47,38.81,12.32,7.57,27.32,21.89,49.64,38.43,1234.31,639.54,512.91,9.17,2.27,2.25,7.57,1.03,0.96,0.59,0.63,1.55,1.27,0.67,0.95,0.56,9.95,14515.15,107.64,2073.49
11,,Chile,5.63,33.79,4.51,2.82,1.59,0.91,0.76,0.86,1.07,2.05,7.27,1.0,4.51,1.08,4.28,0.81,4.13,44.56,0.93,13166.27,353.88,301.24,611.43,507.4,90.43,0.1,29.21,28.33,14.83,5.63,41.1,24.15,48.36,61.14,1728.92,1638.62,553.75,3.74,0.34,1.13,8.79,1.24,1.04,0.85,0.86,1.96,1.02,1.14,0.94,0.95,7.14,12253.27,292.7,4709.84
12,,Nepal,1.98,9.48,5.93,2.37,2.4,0.43,0.19,0.62,0.42,1.26,5.87,0.28,5.37,1.81,1.58,0.16,3.49,7.11,0.85,28827.39,131.07,91.59,268.45,166.57,22.19,0.02,15.3,22.21,7.09,2.77,22.24,26.24,45.67,32.36,1146.31,623.92,175.96,11.28,1.58,0.4,2.57,1.57,0.89,0.34,0.27,1.39,0.68,0.5,0.75,0.39,4.26,43602.5,46.51,1168.32
13,,Argentina,5.23,19.44,4.79,1.5,1.55,0.87,0.67,0.83,0.87,1.23,5.6,0.85,2.99,0.9,1.65,0.31,3.31,14.96,0.8,15539.12,232.26,180.95,416.05,320.77,67.5,0.13,25.15,22.34,9.17,5.38,47.91,39.91,65.18,64.47,2545.03,1886.93,473.85,41.5,0.75,0.34,4.11,1.02,0.54,0.48,0.66,1.47,0.74,0.96,1.14,0.7,4.86,17458.65,161.99,2931.32
14,,Ukraine,4.68,17.99,3.6,0.9,1.15,0.47,0.34,0.83,0.44,1.03,6.17,0.44,3.6,0.64,1.44,0.25,3.51,10.35,1.06,20523.35,294.81,192.39,503.92,331.11,91.71,0.03,4.58,16.25,8.62,3.6,54.1,38.11,84.16,94.25,981.51,567.92,320.07,19.47,1.44,0.25,2.59,0.61,1.12,0.39,0.76,0.97,0.92,1.25,1.01,0.42,5.0,19664.06,179.65,4237.51
15,,Bahrain,5.98,35.86,5.5,8.37,4.94,0.58,0.31,1.28,0.98,2.43,5.77,0.61,19.13,3.51,4.78,0.72,4.77,33.47,0.44,19126.53,828.33,583.23,1582.16,1098.41,153.43,0.1,46.78,62.09,34.2,8.37,42.02,41.52,77.78,71.36,2595.03,1793.8,1216.66,6.48,4.78,1.2,5.38,2.05,1.86,1.02,2.05,4.18,2.22,1.44,1.78,0.91,7.93,17213.88,246.28,5234.93
16,,India,1.89,8.82,3.15,1.76,2.43,0.39,0.18,0.59,0.39,0.8,4.46,0.36,7.56,1.46,3.78,0.25,2.79,7.56,0.97,10715.67,143.68,90.03,330.33,204.04,32.3,0.01,9.82,16.98,6.21,3.15,28.54,28.4,42.18,31.73,1158.88,605.63,392.59,9.35,0.63,0.19,1.13,1.67,0.87,0.3,0.44,1.4,0.64,0.41,0.62,0.37,4.3,20693.88,49.65,1483.04
17,,Canada,10.89,45.07,6.81,4.26,2.33,1.48,1.23,1.6,1.94,2.26,8.4,1.5,10.21,1.88,10.21,2.11,8.91,64.69,0.85,17022.8,870.7,708.37,1397.07,1156.35,100.77,0.23,50.32,32.93,13.19,9.19,42.33,30.19,66.86,83.42,4124.32,2756.24,2208.21,3.68,2.55,1.28,22.37,2.67,2.65,1.83,1.67,2.86,2.62,2.66,1.13,1.71,9.86,16125.93,646.92,9632.67
18,,Turkey,3.77,13.56,3.16,2.26,2.21,0.59,0.2,0.66,0.37,1.45,5.01,0.28,7.18,1.68,2.56,0.45,3.16,27.12,1.04,24108.7,205.17,130.0,354.83,219.9,56.1,0.11,13.32,21.42,11.24,3.01,32.3,21.59,55.01,43.75,779.6,455.53,403.29,19.0,0.74,0.47,3.62,0.74,0.74,0.47,0.52,1.61,1.3,0.7,1.72,0.48,8.99,20395.04,225.16,4952.5
19,,Belgium,15.0,60.0,8.0,4.0,1.68,2.37,2.09,0.95,1.61,2.49,12.07,0.86,7.0,1.19,6.6,2.1,8.51,49.0,1.43,22000.0,733.23,606.52,1145.18,925.59,136.25,0.19,45.06,25.51,15.74,11.0,82.21,35.6,84.76,120.61,3103.58,2455.33,2000.17,1.84,4.0,2.0,35.0,2.2,2.25,1.41,1.13,2.87,1.83,1.96,1.74,1.23,13.69,22480.26,534.7,13786.36
20,,Namibia,7.21,27.44,4.57,1.22,1.12,0.69,0.56,1.21,0.66,1.85,6.19,0.86,4.5,1.03,2.54,0.72,4.3,24.03,0.82,17380.83,402.8,295.58,763.6,619.95,77.59,0.09,45.79,33.71,8.99,4.2,39.8,27.1,62.98,72.65,814.45,688.92,733.85,11.36,0.72,0.72,2.63,1.69,1.79,1.3,1.3,1.45,1.21,1.38,1.57,1.14,4.96,16801.75,98.84,2671.18
21,,Finland,11.0,65.0,8.0,6.0,2.56,2.52,1.71,0.92,1.94,1.86,6.19,1.29,12.0,2.12,7.4,3.0,9.14,55.0,1.54,23813.0,749.02,579.18,1258.63,944.02,91.67,0.07,23.52,37.11,21.76,14.0,84.46,32.7,82.88,115.46,4848.46,2897.46,2278.48,1.46,6.0,1.6,47.04,1.98,1.8,0.88,1.71,3.49,1.83,2.79,1.59,1.26,11.97,24720.53,289.94,2613.07
22,,Taiwan,3.56,20.78,3.71,1.48,2.01,0.79,0.58,2.6,1.54,2.0,15.97,1.05,13.36,1.35,3.27,0.59,6.59,38.0,0.88,26719.4,397.33,263.8,911.56,634.11,62.19,0.13,21.09,37.53,11.19,8.61,58.5,29.66,75.19,98.63,7296.11,4670.21,1201.34,1.89,2.38,0.59,6.68,4.0,2.15,2.31,1.36,2.28,2.87,3.02,1.59,1.95,18.49,21282.21,469.0,11018.13
23,,Palestinian Territory,6.53,26.14,6.53,2.48,2.99,0.63,0.51,1.62,0.63,2.27,5.47,0.75,10.46,2.17,6.53,0.84,6.23,39.21,1.71,31365.43,224.07,173.95,451.92,322.17,74.57,0.13,36.02,47.94,15.45,7.66,47.22,54.89,73.4,56.2,725.21,497.33,688.48,7.71,2.61,0.65,13.07,1.59,1.17,0.85,1.11,1.97,1.92,1.09,1.29,0.93,13.15,29048.66,168.96,1876.7
24,,South Africa,7.21,30.03,3.6,1.68,1.58,0.79,0.61,0.85,0.78,1.68,5.99,0.9,3.9,1.09,2.4,1.2,4.21,35.05,0.95,17718.71,377.62,331.28,768.88,643.73,76.2,0.1,55.61,30.23,7.17,5.11,44.06,28.61,72.97,69.14,899.92,675.34,996.49,10.65,1.2,0.6,3.6,1.33,1.28,0.96,0.88,1.6,1.21,1.12,1.06,0.93,5.86,17241.59,162.45,3302.85
25,,Georgia,4.68,18.71,4.37,0.94,1.1,0.44,0.22,0.99,0.29,1.14,3.57,0.37,4.68,0.77,1.65,0.16,3.16,9.36,0.79,9356.72,287.87,179.36,531.26,309.19,50.73,0.07,13.3,28.73,8.33,4.37,50.82,27.86,71.01,82.52,842.92,462.44,220.74,12.69,0.94,0.23,1.56,0.78,0.91,0.39,0.49,1.34,0.94,0.86,1.12,0.37,5.43,11594.99,98.64,1784.46
26,,Peru,2.66,15.98,4.26,1.86,2.42,0.65,0.46,1.18,1.39,1.4,5.85,0.84,7.99,1.31,3.59,0.4,3.79,22.03,1.0,15190.33,354.39,217.6,662.34,433.0,56.52,0.14,34.93,41.0,10.37,5.33,40.21,27.88,66.99,67.14,1426.02,989.45,418.2,8.88,1.86,1.33,5.33,1.41,1.04,0.8,0.71,2.04,0.96,0.98,0.98,0.88,5.92,16427.16,203.91,4960.58
27,,Germany,10.0,45.0,8.0,3.5,1.23,2.3,1.94,0.72,1.3,1.83,8.04,0.39,4.99,0.82,6.4,2.7,7.83,70.0,1.43,21000.0,726.24,539.7,1380.76,1023.72,214.95,0.1,30.55,28.87,19.44,11.0,75.37,32.43,80.27,103.53,5018.01,3391.16,2237.17,1.88,3.5,2.0,30.0,2.29,1.93,1.14,0.87,2.72,2.09,2.3,1.52,1.26,10.51,20975.81,312.48,11892.43
28,,Hong Kong,5.8,46.42,4.06,5.8,2.12,1.02,0.91,2.57,1.89,2.55,18.64,1.62,13.93,1.5,6.85,1.16,9.42,57.16,2.0,29015.38,2036.96,1413.49,4465.08,2828.61,174.14,0.08,22.08,69.62,7.69,11.61,73.95,30.91,79.96,116.06,27735.75,17717.43,2398.4,2.56,2.79,0.99,11.84,3.23,2.93,2.09,1.28,4.17,1.85,2.77,2.05,2.24,15.75,25113.02,639.29,16569.42
29,,United States,13.52,45.07,6.76,4.51,2.56,1.64,1.34,0.74,2.36,2.04,9.42,1.61,10.82,1.95,6.76,2.03,7.64,63.1,0.66,19830.01,1173.35,937.22,1889.67,1485.59,137.23,0.11,56.89,32.47,13.44,10.82,38.85,31.24,66.5,84.59,2355.29,1723.77,2893.2,4.34,3.15,1.54,25.24,4.04,3.57,2.34,1.41,3.74,3.46,3.64,1.38,2.35,10.35,18726.6,817.06,14399.6
30,,Thailand,1.73,18.77,5.41,2.17,2.65,0.56,0.3,1.47,1.09,1.43,16.19,0.47,17.33,1.61,4.04,0.72,2.3,31.48,0.86,34658.05,402.98,246.56,1039.25,553.4,71.32,0.05,20.09,47.39,8.79,5.78,53.22,28.32,83.3,74.61,3339.05,1632.81,546.05,5.57,1.01,0.29,3.47,2.43,1.76,1.18,0.8,1.74,1.05,1.16,0.92,0.92,9.46,24028.51,263.57,11166.96
31,,Costa Rica,6.38,31.9,6.38,2.39,2.81,1.4,1.26,1.22,1.65,2.5,5.39,2.01,11.16,1.61,3.51,0.72,6.08,45.07,1.02,20732.21,429.36,324.75,759.21,588.7,65.7,0.07,53.21,46.61,21.36,5.58,58.13,37.99,91.12,79.46,1694.7,1363.62,704.06,10.01,1.04,1.04,5.58,3.59,1.91,1.79,0.96,2.44,1.77,1.86,1.23,1.82,7.68,23568.19,312.96,7303.43
32,,Sweden,9.36,58.96,7.49,6.08,1.72,1.89,1.62,1.06,2.08,2.6,8.01,1.31,8.42,1.55,6.08,2.81,8.69,72.53,1.46,19558.83,779.63,563.39,1247.12,907.53,65.31,0.1,27.65,31.49,19.64,12.17,79.02,32.96,82.08,109.61,5176.48,3312.81,2278.54,3.0,4.68,1.42,48.66,2.33,2.26,1.02,1.72,3.37,2.27,2.73,2.04,1.15,13.49,19004.07,125.66,2064.83
33,,Vietnam,1.95,15.61,3.9,0.78,1.22,0.46,0.27,1.27,0.63,1.23,12.35,0.47,9.36,0.64,0.98,0.27,3.0,7.8,0.8,39013.74,358.18,242.25,767.48,486.71,57.95,0.07,9.79,21.69,6.41,3.51,33.86,28.1,78.83,66.88,2027.77,991.52,351.54,8.89,0.43,0.47,1.17,2.5,1.28,0.93,0.65,1.54,0.74,0.79,0.79,0.88,8.84,32031.65,125.39,7883.65
34,,Poland,5.35,23.27,4.65,1.86,1.02,0.94,0.78,0.57,0.69,1.77,5.44,0.44,5.12,0.71,3.72,0.79,3.78,23.27,1.17,18293.06,438.4,341.66,750.29,571.97,153.71,0.06,12.13,23.38,11.02,5.82,61.71,29.71,64.08,72.35,2150.72,1461.51,772.84,3.93,1.63,0.56,8.15,0.69,1.1,0.53,0.73,1.98,0.78,1.32,1.03,0.62,7.84,17820.4,209.85,5529.29
35,,Bulgaria,5.1,21.44,4.08,1.12,1.07,0.84,0.52,1.02,0.52,1.58,5.35,0.49,4.08,0.63,2.81,0.61,4.55,25.52,1.14,18377.99,267.69,202.3,481.52,340.67,86.33,0.14,10.17,21.33,9.62,6.13,43.72,25.12,63.17,62.14,1099.97,756.53,552.24,3.88,0.51,0.41,6.74,0.95,1.09,0.55,0.55,1.15,1.09,1.24,1.28,0.55,6.71,17631.34,285.07,4259.61
36,,Jordan,6.36,29.9,6.36,6.36,5.8,0.47,0.33,1.4,0.37,1.68,6.82,0.54,18.45,4.84,3.18,0.64,5.42,38.17,1.08,30533.15,339.72,239.56,582.43,418.05,78.51,0.04,38.89,50.72,27.33,10.18,52.52,55.67,82.48,78.6,1119.0,712.77,553.31,7.9,0.45,0.45,6.36,1.78,1.25,0.84,0.57,2.84,1.37,0.7,1.48,0.7,10.54,26837.58,215.46,4102.19
37,,Kuwait,5.93,35.6,5.93,2.97,2.18,0.52,0.41,1.36,0.83,1.74,4.11,0.43,3.34,2.12,2.67,0.74,3.53,37.08,0.29,17798.04,791.57,631.24,1618.85,1211.26,34.87,0.13,22.58,107.31,33.09,10.38,46.56,37.65,80.6,80.93,5328.31,2707.73,1641.81,5.41,2.97,2.97,6.67,1.77,1.47,0.86,2.0,4.54,1.79,1.24,1.35,0.79,6.97,15828.67,217.84,5464.96
38,,Nigeria,1.24,14.5,3.73,0.75,1.35,0.31,0.22,2.05,0.82,1.2,3.08,0.42,4.98,0.78,0.75,0.5,3.38,17.43,0.36,16807.2,528.77,319.81,1430.75,791.86,21.24,0.05,38.46,32.21,7.15,4.98,16.1,22.7,47.27,57.09,847.49,313.32,171.39,17.69,1.24,0.5,3.73,2.65,1.51,1.5,0.71,1.73,1.63,1.4,1.34,1.02,3.48,23811.36,84.54,1343.09
39,,Tunisia,1.6,12.79,3.2,1.28,0.8,0.45,0.21,0.38,0.1,0.86,6.02,0.22,4.63,0.71,2.08,0.19,3.42,9.59,0.62,21415.39,158.24,110.67,279.8,200.57,31.4,0.07,15.67,20.08,6.32,3.2,34.8,34.04,70.43,45.15,703.19,472.06,267.71,8.46,0.16,0.3,3.2,1.31,0.58,0.44,0.28,0.57,0.58,0.47,1.52,0.4,7.9,20744.16,57.03,1623.95
40,,Croatia,6.72,33.58,5.37,2.15,1.61,1.9,1.3,0.87,0.88,2.09,8.48,0.98,5.37,1.12,3.76,1.34,7.1,47.02,1.35,19478.0,397.41,304.61,672.18,472.95,162.95,0.11,23.07,33.22,9.5,5.24,70.78,30.91,74.57,82.49,2492.19,1750.49,772.87,4.2,2.01,0.67,5.37,1.16,1.24,0.75,0.81,1.47,1.64,1.43,1.44,0.74,9.03,20237.65,120.5,3825.23
41,,Sri Lanka,1.24,12.42,4.1,1.49,2.07,0.48,0.23,1.06,0.38,1.1,9.13,0.45,9.94,1.29,5.96,0.1,3.36,4.97,0.71,24840.51,216.29,83.76,528.32,213.73,33.62,0.01,14.2,13.96,4.88,2.98,21.07,15.74,42.89,25.32,2007.75,895.17,226.38,14.47,0.3,0.25,0.6,1.99,1.84,0.77,0.69,1.95,0.53,0.7,0.76,0.73,4.92,32103.4,36.12,757.11
42,,Uruguay,9.59,32.37,7.19,1.92,1.81,1.28,0.98,0.65,1.46,1.93,7.33,1.06,5.04,1.52,3.48,0.91,6.05,35.96,1.31,25748.98,411.14,308.42,696.93,547.23,97.98,0.16,28.86,38.41,12.17,7.19,64.16,33.62,82.24,89.66,2181.81,1653.68,595.19,8.01,1.01,0.62,8.79,1.53,1.1,1.25,0.85,2.39,0.98,1.75,1.81,1.17,7.16,28159.59,268.65,5616.12
43,,United Kingdom,14.28,54.75,6.55,4.51,2.18,1.51,1.12,1.08,1.17,2.21,6.54,1.1,8.33,1.95,12.26,2.98,6.7,71.41,1.51,22614.08,863.14,695.77,1454.86,1110.06,173.35,0.07,36.49,34.58,11.89,11.9,67.62,34.12,72.66,71.91,5130.77,3525.95,2146.44,3.24,3.57,2.22,23.8,2.12,1.99,1.38,0.86,3.21,1.05,2.05,1.26,1.16,8.72,22916.51,1052.28,15709.37
44,,United Arab Emirates,6.13,44.17,6.13,9.82,3.44,0.74,0.33,1.41,1.06,2.4,8.32,0.57,14.72,3.56,5.15,1.23,5.73,51.21,0.56,19631.68,1112.91,741.29,2143.76,1536.68,148.53,0.11,89.82,66.16,27.15,9.82,53.93,45.05,80.85,79.55,2830.21,1908.24,2247.04,4.24,2.94,0.49,7.36,1.94,1.42,0.9,1.36,4.28,1.55,1.32,1.54,0.75,9.25,17377.29,422.78,7985.8
45,,Kenya,4.49,26.95,5.39,2.16,2.43,0.49,0.45,0.82,0.48,1.6,7.1,0.89,8.98,1.8,2.13,0.72,5.83,26.95,1.0,14371.52,301.72,149.39,675.03,359.54,40.74,0.03,46.57,44.5,6.7,7.19,21.95,25.92,48.11,43.33,3579.37,965.59,339.83,14.13,1.8,1.8,1.8,2.39,1.48,1.25,0.71,2.3,1.46,1.13,1.09,0.95,4.19,13707.21,172.77,8118.08
46,,Switzerland,23.39,93.55,12.16,6.55,2.18,3.7,3.13,1.49,2.62,4.96,20.93,0.78,11.69,1.67,7.95,3.18,23.3,73.91,1.55,23388.46,1363.39,1057.39,2514.69,1982.35,171.53,0.22,53.42,76.17,30.46,16.84,98.4,46.05,104.7,150.22,10159.23,7100.27,4969.06,1.62,6.36,3.7,65.49,3.68,3.39,2.59,2.17,4.25,2.69,3.78,2.73,2.42,45.63,25198.12,2068.22,24805.98
47,,Spain,10.0,35.0,7.0,2.5,1.43,1.69,1.14,0.76,0.96,1.63,9.18,0.56,5.0,0.79,5.0,1.4,5.9,43.0,1.3,20000.0,653.47,504.96,1039.92,761.87,113.15,0.15,40.45,35.8,11.69,8.0,69.78,27.18,67.85,84.29,2908.93,1952.71,1296.37,2.32,3.0,1.08,20.5,1.64,1.28,1.0,0.94,1.59,0.95,1.53,1.54,1.07,10.27,19919.77,366.92,7128.78
48,,Lebanon,9.01,45.07,7.21,3.08,1.92,0.9,0.49,1.93,0.84,2.63,8.59,0.72,9.01,1.24,2.1,1.19,7.14,54.08,0.81,19830.01,682.49,360.47,1453.22,688.54,123.54,0.29,49.01,60.88,22.55,9.01,57.62,41.86,100.7,98.38,3251.05,1412.86,862.63,7.07,4.96,1.8,12.02,1.66,1.34,0.88,0.87,3.34,1.51,1.12,1.19,0.9,10.72,18259.15,333.93,4705.0
49,,Azerbaijan,5.29,21.18,3.71,0.79,1.7,0.36,0.2,0.81,0.26,1.04,3.37,0.43,4.63,0.77,2.12,0.16,2.95,9.67,0.49,14294.76,279.02,149.77,571.43,285.7,41.99,0.03,14.43,28.57,17.45,3.71,41.06,38.16,89.37,71.44,1244.65,649.76,280.15,8.06,0.85,0.32,1.59,0.72,1.19,0.45,0.35,2.14,0.99,0.77,1.24,0.37,6.07,18225.29,189.49,5861.12
50,,Venezuela,3.15,22.53,3.61,0.88,2.1,0.93,0.62,1.22,0.82,1.21,2.67,0.67,9.01,0.91,1.35,0.09,2.48,2.21,0.0,18027.28,178.61,145.89,294.79,294.45,5.87,0.05,5.84,8.94,4.76,1.8,39.5,35.87,73.34,70.04,593.52,494.95,21.33,22.68,0.9,0.9,2.7,3.48,0.72,1.1,0.69,0.75,0.99,1.21,0.93,1.1,2.54,26243.56,13.55,3026.01
51,,Czech Republic,5.55,23.79,5.15,1.39,1.12,1.16,0.85,0.74,0.92,1.66,7.62,0.52,4.76,0.64,4.12,0.95,5.75,19.82,1.28,17842.16,546.59,427.38,940.24,716.43,165.95,0.13,17.65,31.53,10.51,7.14,63.63,31.54,69.03,83.11,3615.84,2501.04,980.28,2.67,1.59,1.11,11.89,1.24,1.38,0.76,0.89,1.86,1.44,1.82,1.2,0.72,9.41,18192.61,361.06,7240.48
52,,Israel,15.68,57.5,13.07,7.84,2.94,2.23,1.72,1.5,1.87,3.28,11.71,1.1,10.46,2.23,9.15,1.54,8.84,55.67,1.65,34475.83,928.03,711.93,1455.13,1142.88,180.1,0.07,24.17,64.77,17.66,10.46,83.64,50.13,109.69,112.14,6102.48,4872.23,2125.32,3.6,3.24,0.97,23.62,2.55,1.6,1.09,1.43,3.15,2.26,1.38,2.08,0.95,17.23,34842.85,738.03,7401.77
53,,Australia,12.07,48.27,7.24,4.83,3.53,1.99,1.67,0.93,1.61,2.56,5.89,1.41,9.05,3.16,18.1,2.59,6.36,90.51,0.9,15687.1,1003.65,765.9,1638.45,1157.91,123.93,0.19,43.97,39.37,12.5,10.86,58.52,35.34,78.76,82.06,4644.42,3323.3,2700.15,4.15,2.72,1.21,29.57,2.62,2.33,2.03,1.54,2.66,1.59,2.98,2.11,1.63,9.87,14735.11,1083.24,10531.61
54,,Estonia,8.0,40.0,6.0,3.75,1.57,1.65,1.22,0.72,0.8,1.49,6.94,0.63,7.0,1.38,4.25,1.5,5.2,23.0,1.36,18000.0,465.0,329.36,739.22,519.85,174.5,0.04,22.67,42.66,22.46,8.0,70.03,28.42,66.86,86.68,2434.99,1667.93,1134.63,2.37,2.5,0.6,12.0,1.05,1.29,0.48,1.02,2.65,1.28,2.0,1.06,0.54,8.27,18033.26,211.71,7674.3
55,,Cyprus,12.0,45.0,6.0,3.0,1.87,1.42,0.61,1.36,1.5,2.61,7.92,0.7,6.0,1.1,4.7,1.5,6.6,40.0,1.22,18000.0,580.01,454.54,949.26,778.06,120.97,0.09,37.47,51.06,17.37,9.0,71.14,37.29,73.35,93.02,2014.67,1550.0,1078.66,3.21,4.5,1.0,12.0,1.81,1.17,0.88,0.46,2.94,1.47,1.9,1.39,0.79,8.85,18296.39,325.23,5625.08
56,,Malaysia,2.2,13.2,3.3,3.3,2.53,0.53,0.28,1.45,0.73,1.12,9.32,0.48,13.2,1.83,3.83,0.63,2.59,22.01,0.48,33008.13,328.21,198.25,596.46,366.39,41.9,0.06,28.59,33.04,4.9,3.52,48.29,24.15,59.6,54.55,1958.05,1098.01,770.41,4.49,0.66,0.44,5.5,2.14,1.96,0.69,0.72,2.3,0.84,0.94,1.12,0.76,5.9,26154.74,138.51,5092.92
57,,Iceland,18.32,95.26,11.72,8.79,2.53,2.35,1.92,1.2,2.59,4.69,12.16,1.64,18.32,2.49,10.25,3.44,14.62,93.79,1.64,26305.97,1315.38,1082.01,2107.78,1786.5,90.03,0.16,60.69,54.6,31.82,11.72,109.94,49.11,129.18,164.83,4292.33,3222.65,2726.4,6.3,5.06,2.2,58.03,2.23,2.22,2.05,2.18,4.11,2.62,3.71,1.73,1.57,22.62,30073.56,252.64,5376.34
58,,Bosnia And Herzegovina,3.56,20.35,3.56,1.27,0.88,1.18,0.65,0.68,0.56,1.45,5.22,0.51,4.07,0.55,2.8,0.92,3.79,25.44,1.17,16915.49,194.39,135.25,342.59,231.6,131.0,0.11,21.16,22.0,8.49,3.56,52.19,26.48,67.22,74.75,1270.66,902.02,430.78,4.74,1.02,0.51,5.09,0.88,1.14,0.51,0.54,0.96,0.96,0.98,1.07,0.62,6.97,16589.72,128.07,2446.82
59,,Armenia,4.71,22.6,4.33,1.13,1.25,0.55,0.31,0.82,0.43,1.46,4.31,0.44,5.65,0.76,1.13,0.19,4.28,11.3,0.83,17125.92,322.12,173.11,666.91,310.44,62.95,0.03,14.96,42.42,12.01,4.71,45.7,39.11,71.07,67.52,1418.03,725.88,289.0,11.56,1.13,0.19,2.26,0.85,1.11,0.43,0.39,1.85,1.05,0.73,1.18,0.49,6.01,19792.7,142.03,3152.74
60,,Austria,12.0,50.0,7.9,4.0,1.49,2.78,2.13,1.08,1.87,2.68,11.11,0.58,7.0,1.1,5.5,2.4,10.32,46.6,1.24,21500.0,719.06,570.78,1329.38,1019.92,181.59,0.06,30.66,32.42,18.96,11.0,83.77,33.15,81.82,108.71,4820.38,3432.85,1918.75,2.13,4.0,1.8,27.8,2.23,2.46,1.34,1.31,3.09,1.72,2.3,1.73,1.39,16.29,21683.31,269.11,11662.7
61,,South Korea,6.03,30.15,4.9,3.01,2.25,1.24,0.66,1.87,2.25,2.28,15.16,1.04,12.02,1.83,3.39,0.94,7.93,41.45,1.16,24117.37,514.94,334.75,1311.07,785.6,125.45,0.11,20.14,49.21,17.29,7.54,54.19,36.62,71.05,115.11,9442.83,4717.62,2005.71,3.56,2.86,0.6,9.04,5.94,4.36,3.11,1.99,3.39,3.24,4.69,3.29,2.32,21.75,21122.98,315.45,17539.22
62,,Brazil,4.21,21.05,5.26,1.47,2.35,0.97,0.58,0.68,1.23,1.24,5.76,0.61,6.31,1.09,2.1,0.91,2.61,41.88,0.93,18942.85,269.62,184.98,541.73,380.28,64.82,0.29,23.96,21.48,20.54,6.31,39.37,34.65,68.04,52.62,1509.22,1011.01,379.07,9.86,1.09,0.62,6.63,1.25,0.83,0.82,0.58,1.29,0.77,1.12,0.85,0.82,5.32,19680.89,270.11,6400.59
63,,Algeria,2.25,11.26,3.0,1.5,1.54,0.47,0.18,0.54,0.12,1.01,5.92,0.23,5.26,1.32,1.88,0.19,3.36,9.76,0.28,22525.35,164.01,107.71,280.69,179.02,32.27,0.07,20.52,16.07,7.69,4.51,30.69,39.06,58.93,61.97,1124.03,565.64,249.2,5.89,0.34,0.38,3.38,1.95,1.09,0.4,0.49,0.5,0.92,0.63,2.22,0.34,9.55,19543.08,56.13,1790.57
64,,Slovenia,8.0,35.0,5.0,2.5,1.59,2.03,1.44,0.9,1.1,2.18,9.68,0.65,5.7,1.06,4.1,1.3,6.77,37.0,1.31,19000.0,466.13,372.5,864.71,640.16,194.69,0.06,33.23,38.77,12.21,6.3,65.98,29.12,71.82,86.7,2715.87,2025.21,1118.01,3.27,1.0,1.0,15.0,1.35,1.37,0.78,1.21,1.42,1.48,1.94,1.26,1.01,9.11,18422.02,349.49,8222.73
65,,Colombia,2.83,15.81,3.95,0.9,1.38,0.61,0.51,0.65,0.75,1.26,2.72,0.73,7.91,0.74,1.58,0.61,3.0,27.5,0.65,13177.57,260.26,195.1,447.22,351.14,62.67,0.04,27.57,21.01,7.54,3.16,45.22,29.38,62.65,59.38,1198.25,1040.18,286.56,11.61,1.27,1.32,5.27,1.6,0.81,0.58,0.65,1.08,0.75,0.83,0.62,0.71,4.02,17930.09,154.38,3786.49
66,,Ecuador,3.15,22.53,5.27,1.35,2.06,0.65,0.44,0.89,1.32,1.53,4.36,0.92,9.01,1.1,5.05,0.27,5.01,19.59,0.54,22534.1,356.06,247.35,617.38,433.56,41.53,0.12,36.83,37.64,15.79,5.41,54.76,43.12,88.4,81.04,1331.14,957.93,454.63,10.42,1.35,1.35,9.01,1.85,1.03,0.89,0.57,1.83,1.14,1.04,0.93,0.87,5.5,25150.23,253.51,5351.73
67,,Kosovo (Disputed Territory),3.0,16.0,2.5,1.5,0.97,0.97,0.49,0.93,0.42,1.06,4.2,0.4,4.0,0.59,2.5,0.4,3.66,14.0,1.16,15000.0,256.52,187.83,419.57,304.35,60.68,0.05,12.19,10.21,5.36,3.0,24.21,22.63,28.12,38.53,1080.0,743.33,426.57,4.63,1.5,0.5,3.0,0.9,1.0,0.37,0.56,0.95,1.06,0.77,1.14,0.67,7.28,15923.08,88.5,2418.75
68,,Hungary,5.93,26.69,4.45,1.33,0.98,0.93,0.71,0.65,0.62,1.45,5.16,0.31,3.56,0.74,3.86,1.04,4.13,28.17,1.17,16606.26,379.88,281.06,677.14,496.35,144.35,0.08,12.57,31.87,10.72,5.0,54.48,25.75,65.15,74.83,2087.38,1436.64,623.11,4.94,2.08,0.89,13.34,0.95,1.1,0.71,0.76,1.24,0.89,1.56,1.23,0.75,7.08,17733.92,245.23,6321.88
69,,Japan,7.4,37.42,5.65,3.53,2.9,1.11,0.88,1.57,1.59,1.9,14.96,1.02,9.98,2.14,4.16,1.66,6.52,83.16,1.19,21113.19,711.29,474.04,1543.36,868.46,175.44,0.31,39.45,73.65,22.78,14.97,56.22,34.41,67.4,97.73,7829.28,4076.41,2285.48,1.49,4.99,3.41,27.07,6.19,4.84,3.28,1.59,3.31,4.48,4.87,2.44,2.66,18.81,17805.42,401.36,14928.54
70,,Moldova,4.69,20.82,4.42,1.04,1.31,0.69,0.45,0.69,0.33,1.01,6.41,0.59,3.12,0.78,1.56,0.1,3.44,9.37,0.98,16658.56,241.98,175.38,409.66,311.96,113.51,0.07,8.58,25.37,11.37,5.21,54.05,35.5,77.47,86.24,871.22,573.12,280.46,9.5,1.3,0.2,3.12,0.68,1.15,0.56,0.83,1.23,0.91,1.45,1.31,0.6,4.85,17777.63,214.67,2900.37
71,,Belarus,8.42,22.53,4.21,1.47,1.72,0.64,0.43,0.65,0.53,1.08,5.49,0.59,6.67,0.84,1.4,0.27,3.27,13.52,0.7,13520.46,319.96,215.07,525.8,353.36,47.44,0.04,12.04,29.94,14.13,3.61,50.65,33.41,78.95,78.83,1366.09,998.75,394.64,14.11,1.47,0.25,2.48,0.93,1.47,0.4,0.88,1.51,0.93,1.71,1.13,0.48,5.83,17274.78,398.86,5443.13
72,,Albania,4.1,20.48,4.1,1.23,1.01,1.01,0.5,0.99,0.55,1.44,4.98,0.44,5.73,0.71,2.62,0.33,4.1,13.1,1.45,16380.99,253.67,155.72,462.77,277.37,66.44,0.2,17.64,27.83,9.26,4.91,37.77,30.01,68.03,76.38,1308.9,634.5,319.9,5.2,2.05,1.64,12.29,0.8,0.97,0.6,0.64,1.12,1.04,0.83,1.26,0.57,6.73,16628.29,115.22,2192.46
73,,New Zealand,10.49,49.52,6.99,5.24,2.88,1.87,1.66,1.51,1.34,2.87,5.77,1.08,8.74,2.53,17.48,2.02,7.24,87.39,1.28,20385.36,882.47,700.1,1449.03,1194.92,99.97,0.25,48.49,33.42,9.77,9.32,63.4,32.46,81.36,95.86,4414.92,3361.25,2257.41,4.61,2.04,1.63,34.96,2.05,2.19,1.79,1.58,2.68,1.63,2.82,1.68,1.48,10.01,17390.77,616.79,10316.97
74,,Italy,15.0,50.0,8.0,5.0,1.68,2.03,0.99,1.12,1.55,2.61,12.38,0.38,5.0,1.21,5.5,1.5,8.21,35.0,1.56,21000.0,603.35,456.42,1051.54,767.07,150.76,0.12,28.43,47.36,18.1,8.0,75.97,29.48,80.99,112.32,3373.75,2024.17,1391.1,2.0,5.0,1.4,28.32,1.76,1.67,1.15,1.04,1.35,1.89,1.9,1.69,1.22,15.07,22591.93,422.25,10811.49
75,,Macedonia,4.04,15.34,2.59,1.43,0.9,1.07,0.69,0.79,0.44,1.31,4.97,0.38,4.04,0.7,2.1,0.5,4.08,19.4,1.1,16332.24,187.14,131.92,323.7,234.29,98.74,0.1,13.69,17.28,7.38,3.72,38.09,25.28,63.71,68.39,999.32,709.63,337.36,5.74,0.69,0.4,4.85,0.65,0.8,0.45,0.36,1.13,0.96,0.77,0.9,0.49,6.17,17827.67,123.96,2614.67
76,,Singapore,8.09,39.62,5.28,6.7,3.85,1.28,0.92,2.06,1.5,1.94,11.66,1.15,19.81,3.4,9.25,1.16,5.68,79.25,1.48,74262.03,1815.14,1186.94,3375.81,1982.81,96.81,0.14,28.26,89.71,8.85,8.59,61.22,32.44,80.21,93.8,17476.34,8958.57,2978.85,2.53,2.38,0.36,11.89,2.94,2.64,2.05,1.49,3.64,1.9,1.99,2.23,1.85,11.79,67136.75,758.03,18549.0
77,,Egypt,3.14,17.11,4.28,1.71,1.99,0.3,0.19,0.82,0.52,1.03,2.91,0.28,8.56,1.39,2.28,0.29,4.11,11.41,0.43,25101.27,160.48,94.86,315.16,194.19,23.94,0.01,15.57,22.47,7.29,4.28,37.89,42.34,111.44,54.26,649.7,351.76,192.53,13.7,0.4,0.17,1.43,1.34,0.39,0.42,0.28,1.53,0.65,0.37,0.66,0.34,8.13,21769.43,94.15,2688.4
78,,Bolivia,2.61,16.84,4.89,1.83,2.4,0.71,0.64,0.85,1.11,1.32,3.66,0.98,4.56,1.82,1.96,0.26,2.88,31.94,0.51,13609.85,299.23,209.47,530.43,447.82,33.39,0.15,50.83,39.19,9.93,5.87,42.88,36.78,61.72,60.28,948.45,689.13,446.12,9.0,1.3,1.3,5.87,1.97,0.9,0.92,0.52,2.11,1.01,0.95,0.64,1.09,5.18,19441.4,164.4,2152.84
79,,Malta,15.0,52.69,8.0,2.5,2.11,1.79,1.11,0.95,1.08,2.41,7.89,0.82,6.0,1.44,5.8,1.5,6.98,26.0,1.38,22000.0,855.19,689.51,1514.76,1132.21,81.49,0.27,33.2,53.35,18.67,8.0,68.7,34.2,80.63,82.83,3226.45,2103.47,1092.42,4.08,5.0,2.0,25.0,2.55,2.53,1.53,1.3,2.04,1.98,2.48,1.86,1.84,13.26,23985.97,331.33,6907.69
80,,Russia,7.04,28.18,4.23,1.41,1.54,0.7,0.42,0.83,0.47,1.02,7.02,0.5,5.64,0.83,1.97,0.35,3.52,23.67,0.63,18316.11,311.51,210.13,555.4,385.53,97.14,0.02,6.75,29.1,14.64,4.23,58.77,35.77,71.29,82.94,1139.49,765.06,447.44,10.53,1.41,0.21,4.23,1.22,1.16,0.45,0.82,1.69,0.87,1.78,0.93,0.42,6.33,17995.82,221.61,5094.65
81,,Saudi Arabia,4.81,24.03,5.77,1.2,1.22,0.62,0.2,1.15,0.66,1.85,4.7,0.52,2.4,1.25,6.01,0.72,4.71,36.04,0.36,17298.45,323.49,235.4,563.58,421.46,78.32,0.11,58.81,75.79,24.49,15.62,35.11,44.68,76.9,68.87,930.57,622.55,1440.56,4.14,2.4,1.2,9.13,1.68,1.25,0.93,0.93,2.73,1.58,1.32,1.3,0.86,9.26,16035.65,239.58,4619.37
82,,Netherlands,15.0,60.0,8.0,4.5,1.7,2.35,1.91,0.89,1.16,2.25,10.2,0.75,5.99,1.07,7.0,3.0,8.43,83.67,1.64,24550.0,1034.04,820.98,1674.77,1266.15,164.59,0.14,37.84,28.9,19.97,12.0,84.25,34.51,87.93,117.82,4019.49,3019.55,2338.97,2.32,4.0,2.3,36.0,2.27,1.53,1.37,1.05,2.81,1.83,2.43,1.86,1.25,14.33,25601.97,1419.79,6922.4
83,,Pakistan,1.75,8.75,3.79,1.75,2.63,0.27,0.21,0.63,0.37,0.67,5.06,0.34,2.33,1.89,1.17,0.18,2.11,5.84,0.67,11671.92,117.76,77.71,250.9,168.06,61.36,0.01,17.08,15.59,6.47,4.09,15.29,23.74,40.74,30.23,595.79,368.8,191.2,14.1,0.58,0.18,1.46,1.0,0.68,0.25,0.27,1.28,0.88,0.65,0.49,0.35,3.49,16625.03,41.52,930.06
84,,China,3.25,19.49,4.39,0.91,1.68,0.43,0.28,1.74,1.41,1.65,11.06,0.55,9.75,0.67,2.6,0.26,3.32,15.59,0.93,18191.79,455.08,257.08,925.54,529.61,46.86,0.02,12.57,31.36,10.17,5.85,55.26,31.88,76.18,80.01,6131.93,3145.09,819.01,5.07,1.3,0.31,4.68,1.68,1.54,0.75,0.55,3.52,0.91,1.02,1.08,0.79,8.97,16343.58,410.94,15020.07
85,,Ireland,15.0,60.0,8.0,5.0,2.62,1.72,1.42,0.95,1.44,2.67,7.32,1.3,10.0,2.38,12.65,2.5,8.03,110.35,1.44,25000.0,1198.34,1007.38,2059.73,1643.73,144.91,0.26,50.38,41.19,16.12,10.0,74.15,35.12,79.45,86.94,3874.28,2993.16,2250.96,3.57,4.0,1.43,25.0,2.11,2.19,1.48,0.93,3.08,1.54,2.6,1.75,1.17,8.81,25698.0,893.33,7685.86
86,,Qatar,7.43,45.07,6.19,11.14,8.71,0.62,0.29,1.6,1.37,2.91,8.26,0.49,29.71,7.76,5.45,0.62,6.48,34.65,0.48,17329.16,1303.26,868.58,2523.47,1736.78,66.46,0.15,78.02,96.06,25.28,8.66,55.45,43.24,83.59,80.21,4076.05,2755.1,2764.65,4.75,2.48,0.47,7.92,1.77,1.49,0.99,1.51,4.45,1.35,1.63,1.36,0.84,9.39,16649.81,544.21,8770.68
87,,Slovakia,5.0,25.0,5.4,1.5,1.13,1.35,1.08,0.7,0.89,1.85,7.38,0.59,4.0,0.7,3.8,0.7,5.05,25.0,1.34,16000.0,487.6,384.01,727.95,567.54,169.38,0.07,15.4,26.52,11.1,6.5,54.38,26.55,59.81,67.79,2006.44,1472.98,828.22,1.6,3.0,0.8,12.0,1.45,1.5,0.83,0.93,1.75,1.09,2.03,1.55,0.73,7.63,16195.7,347.78,6242.86
88,,France,13.0,50.0,8.0,6.0,2.09,2.44,1.57,0.98,1.32,2.82,15.2,0.66,7.0,1.75,8.3,1.65,10.66,51.0,1.48,21000.0,666.37,524.74,1308.7,965.55,138.85,0.17,26.77,35.62,15.64,10.0,77.99,32.15,83.57,110.86,6397.78,3917.55,1912.69,1.64,5.0,1.58,35.2,2.56,2.43,1.76,1.13,2.68,1.67,2.63,1.94,1.96,15.96,22786.42,675.78,10736.05
89,,Lithuania,7.0,30.0,5.0,3.0,1.41,1.3,1.09,0.84,0.9,1.46,6.83,0.67,7.0,1.1,3.77,1.0,4.68,29.0,1.19,18000.0,411.36,280.26,693.22,448.41,127.83,0.07,10.35,27.83,17.9,7.0,60.15,31.71,73.27,93.48,2155.53,1323.68,801.46,2.37,1.0,0.6,8.0,0.83,1.14,0.41,0.99,2.07,1.34,1.39,1.01,0.45,6.67,17761.95,314.17,6071.39
90,,Serbia,5.09,19.76,4.24,1.5,0.93,1.13,0.76,0.77,0.4,1.21,4.13,0.44,3.39,0.57,2.71,0.75,4.18,25.45,1.34,17814.36,261.44,175.67,471.74,299.79,127.38,0.1,19.44,21.64,8.66,3.39,54.92,26.36,71.15,81.36,1873.78,1104.3,401.72,3.87,1.27,0.55,4.92,0.67,0.99,0.5,0.38,1.13,1.04,0.95,1.0,0.49,6.2,17593.88,203.14,4626.02
91,,Romania,5.23,20.92,4.18,1.26,1.1,1.09,0.91,0.91,0.53,1.97,4.9,0.5,4.18,0.69,3.77,0.52,4.11,14.65,1.19,15960.0,291.03,210.04,500.39,359.22,93.09,0.05,7.59,27.13,10.69,5.23,46.42,28.92,58.68,65.87,1409.84,997.68,537.22,5.66,0.47,0.46,4.18,0.76,0.99,0.53,0.56,1.44,0.97,1.14,1.09,0.58,6.23,17433.49,253.88,5017.82
92,,Philippines,2.65,14.14,2.65,1.06,1.45,0.53,0.32,1.44,0.97,1.47,4.41,0.68,6.18,0.84,1.68,0.18,3.26,8.84,0.91,23855.81,259.24,144.98,516.95,290.07,109.99,0.13,40.14,33.08,4.25,4.42,36.58,23.01,67.62,58.03,1790.61,853.98,259.58,7.55,0.71,0.24,2.12,2.13,1.91,1.45,1.12,1.95,0.89,1.02,1.16,1.48,5.13,20036.36,164.76,4716.64
93,,Uzbekistan,3.61,13.52,2.25,0.9,1.46,0.49,0.23,0.6,0.16,0.91,3.55,0.23,1.8,0.49,1.35,0.14,2.27,13.52,0.46,17125.92,200.06,123.71,446.93,237.22,32.17,0.02,38.12,24.51,5.53,3.61,35.2,30.51,76.9,64.12,762.25,392.14,197.81,18.38,0.54,0.18,2.34,0.88,1.93,0.34,0.17,1.18,0.78,0.57,1.78,0.24,4.74,18191.16,111.5,3708.99
94,,Bangladesh,1.59,7.44,4.78,3.19,4.19,0.29,0.16,0.74,0.56,1.07,6.78,0.28,7.97,2.02,2.5,0.32,3.04,19.87,0.96,26569.84,118.18,69.4,306.65,180.67,31.72,0.01,24.73,19.61,12.58,4.78,22.3,22.64,46.15,38.88,1036.09,486.86,293.32,11.05,0.85,0.37,2.13,1.75,1.71,0.26,0.3,1.64,0.63,0.54,0.94,0.45,5.71,24410.85,38.69,1823.28
95,,Norway,17.62,78.33,10.77,8.71,3.67,3.03,2.47,1.78,2.6,3.66,10.42,1.97,14.69,3.06,11.75,3.62,11.77,73.43,1.57,31527.86,1003.64,788.57,1647.61,1292.68,153.23,0.09,46.58,40.21,27.13,12.73,86.18,37.3,92.78,125.99,5799.75,4001.04,2796.77,2.78,9.69,1.37,44.99,2.77,2.49,1.94,2.0,4.12,2.54,3.16,2.29,2.15,24.54,30598.21,305.82,4875.54
96,,Denmark,16.06,80.3,10.04,6.02,2.1,3.08,2.36,1.16,2.29,3.05,10.37,1.26,8.03,1.59,6.02,3.21,8.57,53.53,1.46,33458.95,859.02,633.7,1623.34,1226.02,170.31,0.12,32.2,32.66,23.44,14.05,94.55,37.13,97.61,129.87,4748.66,3416.82,2773.91,1.79,6.69,2.01,53.56,2.47,2.58,1.52,1.48,4.92,1.89,2.84,2.34,1.26,11.89,32931.94,391.44,6579.11
97,,Dominican Republic,5.06,33.72,5.9,1.85,2.8,0.82,0.51,0.97,1.27,1.52,6.07,0.84,7.59,1.86,3.37,0.42,4.15,30.35,1.05,20232.64,332.15,180.0,596.41,314.34,53.69,0.14,47.49,24.48,12.28,4.85,40.59,42.88,71.17,74.22,1065.59,576.57,319.37,12.43,3.37,2.53,4.22,2.03,1.41,1.19,0.83,1.42,0.98,1.03,0.64,1.81,5.95,21874.68,156.79,5029.91
98,,Mexico,4.78,23.92,4.37,1.44,1.69,0.7,0.52,0.88,1.4,1.32,4.79,0.71,7.18,0.94,2.49,0.43,4.37,16.74,0.95,15928.71,305.22,197.66,634.0,426.76,32.85,0.06,24.51,28.18,10.69,3.35,38.33,28.49,65.3,57.34,1221.37,796.47,472.91,11.08,1.44,0.48,5.74,1.87,0.84,1.04,0.73,2.0,0.92,1.01,0.86,1.03,6.4,14763.21,154.29,3268.45
99,,Montenegro,6.0,25.0,3.0,2.0,1.11,1.73,0.98,0.78,0.56,1.42,4.64,0.62,3.75,0.85,3.1,0.9,4.67,27.0,1.32,16000.0,290.56,213.57,536.72,368.82,97.51,0.13,23.51,28.37,8.76,5.0,52.83,30.56,70.0,82.5,1401.47,1055.08,464.1,6.44,1.0,0.5,6.0,0.82,1.02,0.49,0.84,1.41,1.11,1.04,1.11,0.69,6.21,16654.0,132.59,8375.0
100,,Indonesia,1.64,10.31,2.99,2.29,2.61,0.51,0.25,1.16,1.01,1.26,6.74,0.4,16.36,1.98,1.64,0.26,2.93,11.38,0.57,26310.13,266.78,165.06,670.68,393.18,66.52,0.08,29.49,27.58,6.53,3.27,35.58,25.78,61.9,67.62,1459.28,801.42,277.5,10.1,0.46,0.33,2.75,2.26,1.61,1.18,0.78,1.78,0.84,0.89,1.16,1.68,7.69,26361.37,90.85,5201.97
